Наименование,Цена,Ссылка на изображение,Краткое описание
"
        Kawasaki ER-6
              ","
$ 7 000
                                                             
                                                                                   615 440 сом
                                                                      ",https://im.mashina.kg/tachka/images//1/0/1/101bf48e6cdaff970bc4b462d6213f14_240x180.jpg,        мотоцикл                    
"
        Honda Monkey
              ","
$ 4 000
                                                             
                                                                                   351 680 сом
                                                                      ",https://im.mashina.kg/tachka/images//d/7/1/d718eb88b27af732b5b750e9d3c0e0f8_240x180.jpg,        мотоцикл                    
"
        Zongshen LZX
              ","
$ 1 900
                                                             
                                                                                   167 048 сом
                                                                      ",https://im.mashina.kg/tachka/images//5/5/b/55bb7c0e4265646fe125d444ce35aadc_240x180.jpg,        мотоцикл                    
"
        BRP Maverick
              ","
$ 25 000
                                                             
                                                                                   2 198 000 сом
                                                                      ",https://im.mashina.kg/tachka/images//c/0/9/c094f678e5990f79ad0c2461f370df08_240x180.jpg,        мотовездеход                    
"
        Kawasaki ZZR
              ","
$ 2 957
                                                             
                                                                                   260 000 сом
                                                                      ",https://im.mashina.kg/tachka/images//7/4/4/744e73e2a793875dc67f77011e0f7577_240x180.jpg,        мотоцикл                    
"
        Yamaha FZS 600
              ","
$ 3 600
                                                             
                                                                                   316 512 сом
                                                                      ",https://im.mashina.kg/tachka/images//6/a/0/6a05ce6ba5ba952e2fa31265c2a500ef_240x180.jpg,        мотоцикл                    
"
        Honda CB 600
              ","
$ 3 800
                                                             
                                                                                   334 096 сом
                                                                      ",https://im.mashina.kg/tachka/images//8/4/5/845efffe64d8feaf553d13453e3fe414_240x180.jpg,        мотоцикл                    
"
        Kawasaki VN 900
              ","
$ 5 700
                                                             
                                                                                   501 144 сом
                                                                      ",https://im.mashina.kg/tachka/images//f/4/4/f44ea3317a056b20a159dd501b83d9ec_240x180.jpg,        мотоцикл                    
"
        ИЖ Планета
              ","
$ 35 000
                                                             
                                                                                   3 077 200 сом
                                                                      ",https://im.mashina.kg/tachka/images//c/6/1/c61c6cd5fbbd13f05bec47111600f6cf_240x180.jpg,        мотоцикл                    
"
        Китай (NoName) QM200-2V
              ","
$ 1 422
                                                             
                                                                                   125 000 сом
                                                                      ",https://im.mashina.kg/tachka/images//2/8/e/28e85cb839be06df6d2209b3f1f5c238_240x180.jpg,        мотоцикл                    
"
        CRZ Freestyle
              ","
$ 1 535
                                                             
                                                                                   135 000 сом
                                                                      ",https://im.mashina.kg/tachka/images//0/c/7/0c7ed39ad55f45437c0789679575b45f_240x180.jpg,        мотоцикл                    
"
        Suzuki GSX 600 F
              ","
$ 3 298
                                                             
                                                                                   290 000 сом
                                                                      ",https://im.mashina.kg/tachka/images//d/a/a/daaff7bf2eb7f15bf248efe20d806b64_240x180.jpg,        мотоцикл                    
"
        Suzuki GSF 650 Bandit
              ","
$ 7 200
                                                             
                                                                                   633 024 сом
                                                                      ",https://im.mashina.kg/tachka/images//f/d/e/fdea5328b8e59f2e0c8dd83eb638530c_240x180.jpg,        мотоцикл                    
"
        Daelim VT 125
              ","
$ 455
                                                             
                                                                                   40 000 сом
                                                                      ",https://im.mashina.kg/tachka/images//6/4/6/6467436dfcebde263c028fc0e2f30df9_240x180.jpg,        мотоцикл                    
"
        Honda CBR 600
              ","
$ 4 700
                                                             
                                                                                   413 224 сом
                                                                      ",https://im.mashina.kg/tachka/images//b/f/6/bf6d4b61702eef873114e7f55ffcf827_240x180.jpg,        мотоцикл                    
"
        Suzuki GSF 650 Bandit
              ","
$ 5 900
                                                             
                                                                                   518 728 сом
                                                                      ",https://im.mashina.kg/tachka/images//6/0/1/6019ad807f489c36fb8d325dfdb4025b_240x180.jpg,        мотоцикл                    
"
        Honda CBR 600
              ","
$ 7 900
                                                             
                                                                                   694 568 сом
                                                                      ",https://im.mashina.kg/tachka/images//0/a/5/0a5da479588450a5bde16656133e4c91_240x180.jpg,        мотоцикл                    
"
        Kawasaki VN 900
              ","
$ 6 000
                                                             
                                                                                   527 520 сом
                                                                      ",https://im.mashina.kg/tachka/images//b/1/4/b1498e68e02484f8a9b0f9a192c75d94_240x180.jpg,        мотоцикл                    
"
        Honda CB 500
              ","
$ 4 500
                                                             
                                                                                   395 640 сом
                                                                      ",https://im.mashina.kg/tachka/images//a/e/6/ae67d21e263f0e7a239bdcab2c8711c9_240x180.jpg,        мотоцикл                    
"
        Yamaha YZ 450F
              ","
$ 5 000
                                                             
                                                                                   439 600 сом
                                                                      ",https://im.mashina.kg/tachka/images//1/2/9/1294fb02e79fc4d427f6e023209aa348_240x180.jpg,        мотоцикл                    
"
        Zongshen ZS250GS
              ","
$ 1 479
                                                             
                                                                                   130 000 сом
                                                                      ",https://im.mashina.kg/tachka/images//4/d/3/4d33a0efcf42c2d4fa37bd17b0f35c77_240x180.jpg,        мотоцикл                    
"
        Jawa 350
              ","
$ 1 820
                                                             
                                                                                   160 000 сом
                                                                      ",https://im.mashina.kg/tachka/images//b/8/1/b8195913dff57b935179eaa2828e1796_240x180.jpg,        мотоцикл                    
"
        Урал М 100
              ","
$ 1 137
                                                             
                                                                                   100 000 сом
                                                                      ",https://im.mashina.kg/tachka/images//3/a/5/3a502da7c36d76c7020babff30508300_240x180.jpg,        мотоцикл                    
"
        С-Мото Пегас
              ","
$ 430
                                                             
                                                                                   37 806 сом
                                                                      ",https://im.mashina.kg/tachka/images//c/8/0/c80906b9a207f96fe697b1d897edbd08_240x180.jpg,        скутер                    
"
        Yamaha Jog
              ","
$ 569
                                                             
                                                                                   50 000 сом
                                                                      ",https://im.mashina.kg/tachka/images//f/b/c/fbc092aba117ea3c5ff1103e32cb6ebf_240x180.jpg,        скутер                    
"
        BMW R 1200 GS
              ","
$ 6 000
                                                             
                                                                                   527 520 сом
                                                                      ",https://im.mashina.kg/tachka/images//7/6/e/76e994cf58340c12b3fb6fa08f2a3a98_240x180.jpg,        мотоцикл                    
"
        CFMoto CFORCE 1000 EPS
              ","
$ 14 000
                                                             
                                                                                   1 230 880 сом
                                                                      ",https://im.mashina.kg/tachka/images//0/b/c/0bc27cb1dce32804656aa6e41542b6e8_240x180.jpg,        мотовездеход                    
"
        CFMoto CFORCE 850 XC
              ","
$ 12 000
                                                             
                                                                                   1 055 040 сом
                                                                      ",https://im.mashina.kg/tachka/images//2/c/8/2c8cb0d8e68b40b219ceebb8433554ce_240x180.jpg,        мотовездеход                    
"
        CFMoto CF625
              ","
$ 9 000
                                                             
                                                                                   791 280 сом
                                                                      ",https://im.mashina.kg/tachka/images//7/e/3/7e3e0e44c57af62283862cbeff8d4127_240x180.jpg,        мотовездеход                    
"
        CFMoto CF500-X5
              ","
$ 7 800
                                                             
                                                                                   685 776 сом
                                                                      ",https://im.mashina.kg/tachka/images//0/1/4/014ef6c4821d353c3e7ff339dbb86005_240x180.jpg,        мотовездеход                    
"
        Китай (NoName) Электроскутер
              ","
$ 1 354
                                                             
                                                                                   119 000 сом
                                                                      ",https://im.mashina.kg/tachka/images//7/3/2/7320b2af5b722f88b2e58d6422209469_240x180.jpg,        скутер                    
"
        Sachs Speedforce
              ","
$ 1 308
                                                             
                                                                                   115 000 сом
                                                                      ",https://im.mashina.kg/tachka/images//4/0/1/40102023cbcd1102f5e456655cb1d774_240x180.jpg,        скутер                    
"
        BRP Renegade
              ","
$ 28 500
                                                             
                                                                                   2 505 720 сом
                                                                      ",https://im.mashina.kg/tachka/images//9/0/0/9001450a3105ad7e1fbea095028d7ab2_240x180.jpg,        мотовездеход                    
"
        Suzuki SV 650
              ","
$ 2 999
                                                             
                                                                                   263 672 сом
                                                                      ",https://im.mashina.kg/tachka/images//a/5/3/a53ae7334d9216e80bfb4fb3e361611d_240x180.jpg,        мотоцикл                    
"
        BRP Outlander 1000
              ","
$ 30 000
                                                             
                                                                                   2 637 600 сом
                                                                      ",https://im.mashina.kg/tachka/images//3/9/0/390b272413b54e3a16c9294d28b25b9e_240x180.jpg,        мотовездеход                    
"
        BRP Outlander 1000
              ","
$ 27 000
                                                             
                                                                                   2 373 840 сом
                                                                      ",https://im.mashina.kg/tachka/images//0/6/6/066fa873cd014d3daafb4efaab9d415a_240x180.jpg,        мотовездеход                    
"
        BRP Outlander 1000
              ","
$ 27 000
                                                             
                                                                                   2 373 840 сом
                                                                      ",https://im.mashina.kg/tachka/images//f/c/9/fc9aa1f7f95c12bfb008927fb58ea904_240x180.jpg,        мотовездеход                    
"
        Peugeot XP 6
              ","
$ 2 700
                                                             
                                                                                   237 384 сом
                                                                      ",https://im.mashina.kg/tachka/images//c/6/2/c628abd8729564fa895dc67518488942_240x180.jpg,        мотоцикл                    
"
        BMW R 1150 RS
              ","
$ 4 800
                                                             
                                                                                   422 016 сом
                                                                      ",https://im.mashina.kg/tachka/images//5/f/8/5f8838dcf87bebd3fc83b3e645854160_240x180.jpg,        мотоцикл                    
"
        Kawasaki Ninja H2
              ","
$ 3 100
                                                             
                                                                                   272 552 сом
                                                                      ",https://im.mashina.kg/tachka/images//a/0/2/a02aa81687b8948b513237913a9801cf_240x180.jpg,        мотоцикл                    
"
        Kawasaki Ninja ZX-6R
              ","
$ 3 100
                                                             
                                                                                   272 552 сом
                                                                      ",,        мотоцикл                    
"
        Китай (NoName) ATV 110
              ","
$ 1 100
                                                             
                                                                                   96 712 сом
                                                                      ",https://im.mashina.kg/tachka/images//0/3/0/030111d72cdb0886e312f53986a8e8cf_240x180.jpg,        мотовездеход                    
"
        Honda CB 250
              ","
$ 3 500
                                                             
                                                                                   307 720 сом
                                                                      ",https://im.mashina.kg/tachka/images//4/1/0/4108bbec52d46b2b6d24bbd5ef119e57_240x180.jpg,        мотоцикл                    
"
        Zongshen CQR-250
              ","
$ 1 500
                                                             
                                                                                   131 880 сом
                                                                      ",https://im.mashina.kg/tachka/images//3/5/c/35c2df5c89864aaad4930d66d515ece9_240x180.jpg,        мотоцикл                    
"
        Китай (NoName) 1P72MN (LH173MN)
              ","
$ 2 047
                                                             
                                                                                   180 000 сом
                                                                      ",https://im.mashina.kg/tachka/images//0/a/5/0a5f11708e1f4bdceac94479795a40ad_240x180.jpg,        мотоцикл                    
"
        Honda XL
              ","
$ 9 570
                                                             
                                                                                   841 394 сом
                                                                      ",https://im.mashina.kg/tachka/images//8/9/6/896b6f665259aeda3a981327ab93eb5d_240x180.jpg,        мотоцикл                    
"
        Kawasaki Z 1000
              ","
$ 7 100
                                                             
                                                                                   624 232 сом
                                                                      ",https://im.mashina.kg/tachka/images//3/9/e/39ef0b6e5e2d1aab9d6d513fb97f16ac_240x180.jpg,        мотоцикл                    
"
        Honda CBR 1000
              ","
$ 18 500
                                                             
                                                                                   1 626 520 сом
                                                                      ",https://im.mashina.kg/tachka/images//1/1/5/115d18a2ac7570f14e5728cfb60dcd72_240x180.jpg,        мотоцикл                    
"
        Kawasaki Ninja
              ","
$ 6 250
                                                             
                                                                                   549 500 сом
                                                                      ",https://im.mashina.kg/tachka/images//1/8/2/18259d6e93554f36b395c4aca7954354_240x180.jpg,        мотоцикл                    
"
        Honda Dio
              ","
$ 466
                                                             
                                                                                   41 000 сом
                                                                      ",https://im.mashina.kg/tachka/images//e/3/c/e3c75e7c509bea0e7df4b45b6f7e04fe_240x180.jpg,        скутер                    
"
        Kawasaki Z 900
              ","
$ 15 000
                                                             
                                                                                   1 318 800 сом
                                                                      ",https://im.mashina.kg/tachka/images//c/e/9/ce901beaf3819930e302c56c20aa1993_240x180.jpg,        мотоцикл                    
"
        Kawasaki Z 900
              ","
$ 11 000
                                                             
                                                                                   967 120 сом
                                                                      ",https://im.mashina.kg/tachka/images//7/d/a/7da1a2c0af681591f3876e03cc60ef67_240x180.jpg,        мотоцикл                    
"
        Yamaha YZF-R6
              ","
$ 5 000
                                                             
                                                                                   439 600 сом
                                                                      ",https://im.mashina.kg/tachka/images//a/a/0/aa03b9e02d97e3c92ded2c02df1f1d73_240x180.jpg,        мотоцикл                    
"
        Урал M 72
              ","
$ 341
                                                             
                                                                                   30 000 сом
                                                                      ",https://im.mashina.kg/tachka/images//4/e/2/4e2e319eb524c8353b45d72b7cff4880_240x180.jpg,        мотоцикл                    
"
        Honda CBR 600
              ","
$ 4 800
                                                             
                                                                                   422 016 сом
                                                                      ",https://im.mashina.kg/tachka/images//2/c/4/2c43dd0ea33917baf0caee6b3436a2d1_240x180.jpg,        мотоцикл                    
"
        Yamaha Majesty
              ","
$ 1 194
                                                             
                                                                                   105 000 сом
                                                                      ",https://im.mashina.kg/tachka/images//4/d/a/4daca745876138271558d03271e9aaae_240x180.jpg,        скутер                    
"
        Honda CB 250
              ","
$ 2 502
                                                             
                                                                                   220 000 сом
                                                                      ",https://im.mashina.kg/tachka/images//7/e/e/7ee5979b43410614532e7f0255f31257_240x180.jpg,        мотоцикл                    
"
        Yamaha YZF 1000 R1
              ","
$ 5 000
                                                             
                                                                                   439 600 сом
                                                                      ",https://im.mashina.kg/tachka/images//8/4/a/84a95766e4109632a745352bbd3ce268_240x180.jpg,        мотоцикл                    
"
        Honda CTX
              ","
$ 8 500
                                                             
                                                                                   747 320 сом
                                                                      ",https://im.mashina.kg/tachka/images//a/e/2/ae2df92a9b9fe2dfb6457f8baeda707c_240x180.jpg,        мотоцикл                    
"
        Suzuki SV 400
              ","
$ 2 843
                                                             
                                                                                   250 000 сом
                                                                      ",https://im.mashina.kg/tachka/images//8/0/a/80a6355616d41ebf9da53e3ef21f25c6_240x180.jpg,        мотоцикл                    
"
        Yamaha SR 400
              ","
$ 6 900
                                                             
                                                                                   606 648 сом
                                                                      ",https://im.mashina.kg/tachka/images//e/2/1/e214337ca4f9c9cad3ce414adf668487_240x180.jpg,        мотоцикл                    
"
        Yamaha FZ6
              ","
$ 7 000
                                                             
                                                                                   615 440 сом
                                                                      ",https://im.mashina.kg/tachka/images//9/7/0/9702707b13f47ea765f321601628799e_240x180.jpg,        мотоцикл                    
"
        Yamaha V-Max
              ","
$ 7 100
                                                             
                                                                                   624 232 сом
                                                                      ",https://im.mashina.kg/tachka/images//8/f/e/8feab24b8dbb64ba97d86f0bcf4a5d70_240x180.jpg,        мотоцикл                    
"
        Yamaha XVS 1100
              ","
$ 6 500
                                                             
                                                                                   571 480 сом
                                                                      ",https://im.mashina.kg/tachka/images//e/f/3/ef387763744f84066e6db44431798939_240x180.jpg,        мотоцикл                    
"
        Patron Sport
              ","
$ 1 706
                                                             
                                                                                   150 000 сом
                                                                      ",https://im.mashina.kg/tachka/images//f/0/2/f026345ac3b8072973f308f3ff49f2b3_240x180.jpg,        мотоцикл                    
"
        Yamaha YZF-R3
              ","
$ 5 200
                                                             
                                                                                   457 184 сом
                                                                      ",https://im.mashina.kg/tachka/images//7/8/6/786d548158b4f19f001c11531c7635b5_240x180.jpg,        мотоцикл                    
"
        Kawasaki Ninja
              ","
$ 7 500
                                                             
                                                                                   659 400 сом
                                                                      ",https://im.mashina.kg/tachka/images//d/5/2/d52deecdc4c94e9e753d4ccd9c27506e_240x180.jpg,        мотоцикл                    
"
        Honda CBR 600
              ","
$ 3 700
                                                             
                                                                                   325 304 сом
                                                                      ",https://im.mashina.kg/tachka/images//6/4/1/6416f488ded86a9e683fd9c5c70240e4_240x180.jpg,        мотоцикл                    
"
        Zongshen ZS125ST
              ","
$ 2 500
                                                             
                                                                                   219 800 сом
                                                                      ",https://im.mashina.kg/tachka/images//e/b/8/eb8c81678a13a192dc9b404fee4626f5_240x180.jpg,        мотовездеход                    
"
        Kawasaki Ninja
              ","
$ 6 500
                                                             
                                                                                   571 480 сом
                                                                      ",https://im.mashina.kg/tachka/images//e/8/6/e868606febe5d21ca31d3a1e71652128_240x180.jpg,        мотоцикл                    
"
        ABAT ZQTD-398
              ","
$ 682
                                                             
                                                                                   60 000 сом
                                                                      ",https://im.mashina.kg/tachka/images//e/6/0/e60a7ab35b30ad2a397248990a5a31e3_240x180.jpg,        скутер                    
"
        CFMoto CFORCE 850 XC
              ","
$ 12 000
                                                             
                                                                                   1 055 040 сом
                                                                      ",https://im.mashina.kg/tachka/images//e/1/f/e1f071582716ffec6a6fbc1ade218c15_240x180.jpg,        мотовездеход                    
"
        Урал 8103-1
              ","
$ 1 479
                                                             
                                                                                   130 000 сом
                                                                      ",https://im.mashina.kg/tachka/images//9/2/c/92c8697bab0a9f6af4568f6c64b45e64_240x180.jpg,        мотоцикл                    
"
        KAYO T2
              ","
$ 1 649
                                                             
                                                                                   145 000 сом
                                                                      ",https://im.mashina.kg/tachka/images//1/4/a/14a1dd60599647bf4987d0479467e855_240x180.jpg,        мотоцикл                    
"
        Kawasaki KX
              ","
$ 4 500
                                                             
                                                                                   395 640 сом
                                                                      ",https://im.mashina.kg/tachka/images//3/8/0/3802738799945e628d5541d2224e8493_240x180.jpg,        мотоцикл                    
"
        Yamaha R
              ","
$ 2 843
                                                             
                                                                                   250 000 сом
                                                                      ",https://im.mashina.kg/tachka/images//0/b/2/0b27024142fd24593bda3c64c6afa4cf_240x180.jpg,        мотоцикл                    
"
        Honda CBF 600S
              ","
$ 4 700
                                                             
                                                                                   413 224 сом
                                                                      ",https://im.mashina.kg/tachka/images//5/4/d/54d6777b4196f3756a9ea23fd79f4768_240x180.jpg,        мотоцикл                    
"
        Китай (NoName) ZW125
              ","
$ 2 843
                                                             
                                                                                   250 000 сом
                                                                      ",https://im.mashina.kg/tachka/images//e/0/8/e081ce442ba1d1eb8bbff69c86c3e3cf_240x180.jpg,        мотоцикл                    
"
        Lifan LF400
              ","
$ 2 843
                                                             
                                                                                   250 000 сом
                                                                      ",https://im.mashina.kg/tachka/images//3/3/5/33519a82f2b14e24dc0d08ddc66ea2f0_240x180.jpg,        мотоцикл                    
"
        Yamaha YZ 450F
              ","
$ 3 500
                                                             
                                                                                   307 720 сом
                                                                      ",https://im.mashina.kg/tachka/images//9/b/6/9b6d22d9e867ffaef56a08c995910433_240x180.jpg,        мотоцикл                    
"
        Yamaha XJ 600 S
              ","
$ 2 616
                                                             
                                                                                   230 000 сом
                                                                      ",https://im.mashina.kg/tachka/images//f/1/0/f102d625c8e7ddfdf85432a605c62590_240x180.jpg,        мотоцикл                    
"
        Centurion Bitrix
              ","
$ 1 592
                                                             
                                                                                   140 000 сом
                                                                      ",https://im.mashina.kg/tachka/images//5/a/c/5ac1c8fcb13ebd7f69bb38c76dec6a36_240x180.jpg,        мотоцикл                    
"
        Motowell Magnet RS
              ","
$ 739
                                                             
                                                                                   65 000 сом
                                                                      ",https://im.mashina.kg/tachka/images//a/d/a/ada27c151f913649dfc2d85802f53b43_240x180.jpg,        скутер                    
"
        Minsk (Минск) D4 125
              ","
$ 739
                                                             
                                                                                   65 000 сом
                                                                      ",https://im.mashina.kg/tachka/images//b/a/7/ba78448fb6169f6d32c5a67ef439e43b_240x180.jpg,        мотоцикл                    
"
        Suzuki Boulevard
              ","
$ 3 412
                                                             
                                                                                   300 000 сом
                                                                      ",https://im.mashina.kg/tachka/images//3/4/d/34df611fa801599106659dcd550d6267_240x180.jpg,        мотоцикл                    
"
        Honda VT 750
              ","
$ 7 100
                                                             
                                                                                   624 232 сом
                                                                      ",https://im.mashina.kg/tachka/images//c/1/7/c17f06edea30e427591e6927adb78fb7_240x180.jpg,        мотоцикл                    
"
        Daelim VL 125
              ","
$ 569
                                                             
                                                                                   50 000 сом
                                                                      ",https://im.mashina.kg/tachka/images//2/b/c/2bc61de0b874036f83f5a5f9ee59ef02_240x180.jpg,        мотоцикл                    
"
        Honda CBR 600
              ","
$ 6 500
                                                             
                                                                                   571 480 сом
                                                                      ",https://im.mashina.kg/tachka/images//f/3/5/f35782956485632cd1018ceb5b202e29_240x180.jpg,        мотоцикл                    
"
        Honda CRF
              ","
$ 5 000
                                                             
                                                                                   439 600 сом
                                                                      ",https://im.mashina.kg/tachka/images//6/f/9/6f9b704088a508f125fbe0f951499bea_240x180.jpg,        мотоцикл                    
"
        Yamaha FZ6
              ","
$ 4 200
                                                             
                                                                                   369 264 сом
                                                                      ",https://im.mashina.kg/tachka/images//2/4/6/246b462887ad1da97ac230439bcd29bb_240x180.jpg,        мотоцикл                    
"
        Suzuki AP 50
              ","
$ 284
                                                             
                                                                                   25 000 сом
                                                                      ",https://im.mashina.kg/tachka/images//4/2/5/425a8d0088df50f48299c5a860d9d9a5_240x180.jpg,        скутер                    
"
        Honda CBR 600
              ","
$ 3 185
                                                             
                                                                                   280 000 сом
                                                                      ",https://im.mashina.kg/tachka/images//5/0/5/50548f2ea7194836331bda38e9b0a7f8_240x180.jpg,        мотоцикл                    
"
        Kawasaki Ninja ZX-6R
              ","
$ 5 500
                                                             
                                                                                   483 560 сом
                                                                      ",https://im.mashina.kg/tachka/images//9/c/2/9c2e25127149682b5d23687272231fe7_240x180.jpg,        мотоцикл                    
"
        Honda CRF
              ","
$ 5 000
                                                             
                                                                                   439 600 сом
                                                                      ",https://im.mashina.kg/tachka/images//f/b/c/fbcec046cbb495e0d99a2d68032dbf78_240x180.jpg,        мотоцикл                    
"
        ИЖ Юпитер
              ","
$ 455
                                                             
                                                                                   40 000 сом
                                                                      ",https://im.mashina.kg/tachka/images//b/4/d/b4d2f8bd4a09d14ccd5a29ea377cc7e9_240x180.jpg,        мотоцикл                    
"
        Honda CB 600
              ","
$ 6 200
                                                             
                                                                                   545 104 сом
                                                                      ",https://im.mashina.kg/tachka/images//8/8/d/88d4a98eae63c4446e918607f0b8dd17_240x180.jpg,        мотоцикл                    
"
        Honda 150
              ","
$ 398
                                                             
                                                                                   35 000 сом
                                                                      ",https://im.mashina.kg/tachka/images//0/f/0/0f0ae48001e3933810a832259e9ae546_240x180.jpg,        скутер                    
"
        Урал 8103-1
              ","
$ 1 251
                                                             
                                                                                   110 000 сом
                                                                      ",https://im.mashina.kg/tachka/images//2/5/a/25a9e9174b5180546d8e6234ee7231e5_240x180.jpg,        мотоцикл                    
"
        BRP Spyder
              ","
$ 10 000
                                                             
                                                                                   879 200 сом
                                                                      ",https://im.mashina.kg/tachka/images//a/b/0/ab0c4706083ce60dd257c6e7b9c182da_240x180.jpg,        мотоцикл                    
"
        Swift Lucky Strike Soft Tail
              ","
$ 3 000
                                                             
                                                                                   263 760 сом
                                                                      ",https://im.mashina.kg/tachka/images//0/e/b/0eb142303167cab996266481b8a1660e_240x180.jpg,        мотоцикл                    
"
        Honda Dio
              ","
$ 245
                                                             
                                                                                   21 500 сом
                                                                      ",https://im.mashina.kg/tachka/images//e/a/a/eaaeac32473c7c365d932cf1b482a06a_240x180.jpg,        скутер                    
"
        Daelim Citi Ace 110
              ","
$ 796
                                                             
                                                                                   70 000 сом
                                                                      ",https://im.mashina.kg/tachka/images//6/f/5/6f5ba91bee0b4c52f03952719cdc3914_240x180.jpg,        скутер                    
"
        Electric Motorsport GPR-S
              ","
$ 899
                                                             
                                                                                   79 000 сом
                                                                      ",https://im.mashina.kg/tachka/images//4/e/9/4e93f2d11c2d1c0d08f47c66d45f13f6_240x180.jpg,        мотоцикл                    
"
        Yamaha YZF 600 R
              ","
$ 5 500
                                                             
                                                                                   483 560 сом
                                                                      ",https://im.mashina.kg/tachka/images//1/4/4/1441a99774562f72a9c687f196535384_240x180.jpg,        мотоцикл                    
"
        Triumph Tiger
              ","
$ 11 800
                                                             
                                                                                   1 037 456 сом
                                                                      ",https://im.mashina.kg/tachka/images//8/7/7/877056d746274d8d16452661cca8f1c9_240x180.jpg,        мотоцикл                    
"
        BMW F 850 GS
              ","
$ 15 500
                                                             
                                                                                   1 362 760 сом
                                                                      ",https://im.mashina.kg/tachka/images//5/e/9/5e907fdad1d81ebb42548cca76907906_240x180.jpg,        мотоцикл                    
"
        Daelim Delfino
              ","
$ 819
                                                             
                                                                                   72 000 сом
                                                                      ",https://im.mashina.kg/tachka/images//6/0/8/608e99426b6dd9ee24a6c0d9b4fa6cc1_240x180.jpg,        скутер                    
"
        Suzuki GSX-R 600
              ","
$ 6 000
                                                             
                                                                                   527 520 сом
                                                                      ",https://im.mashina.kg/tachka/images//4/4/3/443e20e30c8a10a1abcee30ab402611a_240x180.jpg,        мотоцикл                    
"
        Honda TRX 250
              ","
$ 1 479
                                                             
                                                                                   130 000 сом
                                                                      ",https://im.mashina.kg/tachka/images//2/3/c/23c9baed05bd08388ed9b8ee1a11d34a_240x180.jpg,        мотовездеход                    
"
        Китай (NoName) Электроскутер
              ","
$ 375
                                                             
                                                                                   33 000 сом
                                                                      ",https://im.mashina.kg/tachka/images//6/a/5/6a5855d533d854b500b8071de9427aa5_240x180.jpg,        скутер                    
"
        Yamaha YZF-R6
              ","
$ 5 700
                                                             
                                                                                   501 144 сом
                                                                      ",https://im.mashina.kg/tachka/images//c/4/6/c469da5c2066ffa373b584ac7e0fcd4f_240x180.jpg,        мотоцикл                    
"
        Suzuki Address
              ","
$ 455
                                                             
                                                                                   40 000 сом
                                                                      ",https://im.mashina.kg/tachka/images//a/3/f/a3f6cb880fa8f841ae3023ba3dfdafa3_240x180.jpg,        скутер                    
"
        BRP Outlander 1000
              ","
$ 28 500
                                                             
                                                                                   2 505 720 сом
                                                                      ",https://im.mashina.kg/tachka/images//0/8/2/082d40eed3dfdca2a4ca10de1a607cdf_240x180.jpg,        мотовездеход                    
"
        BRP Outlander 1000
              ","
$ 26 000
                                                             
                                                                                   2 285 920 сом
                                                                      ",https://im.mashina.kg/tachka/images//d/7/c/d7cfa83d0d9548e7ee627b42b4c90afa_240x180.jpg,        мотовездеход                    
"
        BRP Outlander 1000
              ","
$ 27 000
                                                             
                                                                                   2 373 840 сом
                                                                      ",https://im.mashina.kg/tachka/images//7/2/8/728aa6783ea3f8d0f55d851e173d1c76_240x180.jpg,        мотовездеход                    
"
        BRP Outlander 1000
              ","
$ 27 000
                                                             
                                                                                   2 373 840 сом
                                                                      ",https://im.mashina.kg/tachka/images//b/1/c/b1c32741445402f784a9e8dbef4919e0_240x180.jpg,        мотовездеход                    
"
        Kawasaki Ninja
              ","
$ 6 700
                                                             
                                                                                   589 064 сом
                                                                      ",https://im.mashina.kg/tachka/images//9/f/9/9f946c83d04eeff585710e9dc072cc5c_240x180.jpg,        мотоцикл                    
"
        Yamaha R
              ","
$ 6 950
                                                             
                                                                                   611 044 сом
                                                                      ",https://im.mashina.kg/tachka/images//5/7/b/57be4199853528bcfaa994dda823757e_240x180.jpg,        мотоцикл                    
"
        Honda NT 650
              ","
$ 5 000
                                                             
                                                                                   439 600 сом
                                                                      ",https://im.mashina.kg/tachka/images//6/5/d/65ddf9686064ae2b3b75a172bea61dcd_240x180.jpg,        мотоцикл                    
"
        BRP Outlander 1000
              ","
$ 26 000
                                                             
                                                                                   2 285 920 сом
                                                                      ",https://im.mashina.kg/tachka/images//1/c/a/1ca5ed19f66ffb055500a73c8501905c_240x180.jpg,        мотовездеход                    
"
        BRP Outlander 1000
              ","
$ 26 000
                                                             
                                                                                   2 286 440 сом
                                                                      ",https://im.mashina.kg/tachka/images//f/3/d/f3dc2d179083d51e2410fb05704920ec_240x180.jpg,        мотовездеход                    
"
        BRP Outlander 1000
              ","
$ 29 000
                                                             
                                                                                   2 549 680 сом
                                                                      ",https://im.mashina.kg/tachka/images//7/d/1/7d1e60c39545eaf4198dc4d758f2b5e0_240x180.jpg,        мотовездеход                    
"
        Китай (NoName) Скутеры
              ","
$ 967
                                                             
                                                                                   85 000 сом
                                                                      ",https://im.mashina.kg/tachka/images//1/3/b/13b19812fd77119abd6c07a28515bd3b_240x180.jpg,        скутер                    
"
        Honda NT 650
              ","
$ 4 500
                                                             
                                                                                   395 640 сом
                                                                      ",https://im.mashina.kg/tachka/images//e/0/a/e0a7d482e4b1cdcc95320e325b9deca9_240x180.jpg,        мотоцикл                    
"
        Honda Dio
              ","
$ 500
                                                             
                                                                                   44 000 сом
                                                                      ",https://im.mashina.kg/tachka/images//4/2/6/426c5236cc66a2af8c3014dcb9bc123b_240x180.jpg,        скутер                    
"
        Honda CB 125
              ","
$ 1 297
                                                             
                                                                                   114 000 сом
                                                                      ",https://im.mashina.kg/tachka/images//9/8/f/98f0ca2b48166442eb70cf1086a4e421_240x180.jpg,        мотоцикл                    
"
        Suzuki A 100
              ","
$ 444
                                                             
                                                                                   39 000 сом
                                                                      ",https://im.mashina.kg/tachka/images//2/0/0/2000fe9f1f74d99caa1c6d9205722fea_240x180.jpg,        скутер                    
"
        Honda Dio
              ","
$ 808
                                                             
                                                                                   71 000 сом
                                                                      ",https://im.mashina.kg/tachka/images//c/3/c/c3c9b45739d23bc23783ee3aaaf34959_240x180.jpg,        скутер                    
"
        ИЖ Планета
              ","
$ 227
                                                             
                                                                                   20 000 сом
                                                                      ",https://im.mashina.kg/tachka/images//2/3/a/23a6365443016df5003f4f5e63d48edd_240x180.jpg,        мотоцикл                    
"
        Honda XL
              ","
$ 2 900
                                                             
                                                                                   254 968 сом
                                                                      ",https://im.mashina.kg/tachka/images//1/2/6/1269d16ad7f66d1ed4c4e869fab1beb9_240x180.jpg,        мотоцикл                    
"
        Yamaha FZR 600
              ","
$ 4 800
                                                             
                                                                                   422 016 сом
                                                                      ",https://im.mashina.kg/tachka/images//5/5/3/553a956a9ca96aa20ca8df410b0d0eea_240x180.jpg,        мотоцикл                    
"
        Yamaha YZF 1000 R1
              ","
$ 9 800
                                                             
                                                                                   861 616 сом
                                                                      ",https://im.mashina.kg/tachka/images//0/2/8/028f31afa2adf3f4667ed9df8800ae00_240x180.jpg,        мотоцикл                    
"
        Viper Booster
              ","
$ 967
                                                             
                                                                                   85 000 сом
                                                                      ",https://im.mashina.kg/tachka/images//4/e/0/4e0d70804de012d5f76a0f99667ac669_240x180.jpg,        скутер                    
"
        Suzuki SkyWave
              ","
$ 2 161
                                                             
                                                                                   190 000 сом
                                                                      ",https://im.mashina.kg/tachka/images//a/b/1/ab14a231c0e0af0bb16fbf6dfcbe44dc_240x180.jpg,        скутер                    
"
        Daelim Citi Ace 110
              ","
$ 796
                                                             
                                                                                   70 000 сом
                                                                      ",https://im.mashina.kg/tachka/images//f/6/7/f67e3e3fa7778d5eec4d00c534e22f68_240x180.jpg,        скутер                    
"
        Yamaha Night MAX
              ","
$ 2 900
                                                             
                                                                                   254 968 сом
                                                                      ",https://im.mashina.kg/tachka/images//c/3/3/c33cb64e81145651771fadf69d4f5c95_240x180.jpg,        скутер                    
"
        Honda PCX
              ","
$ 3 100
                                                             
                                                                                   272 552 сом
                                                                      ",https://im.mashina.kg/tachka/images//f/a/4/fa45ab213b915a13b6c420823c75f0d2_240x180.jpg,        скутер                    
"
        Honda Zoomer
              ","
$ 2 500
                                                             
                                                                                   219 800 сом
                                                                      ",https://im.mashina.kg/tachka/images//1/3/7/13749ad7c2dffd215958a80befe60bf0_240x180.jpg,        скутер                    
"
        Honda Julio
              ","
$ 2 350
                                                             
                                                                                   206 612 сом
                                                                      ",https://im.mashina.kg/tachka/images//5/c/5/5c513c04319e27c56aa20b83e0ddcb80_240x180.jpg,        скутер                    
"
        Vespa Primavera
              ","
$ 5 500
                                                             
                                                                                   483 670 сом
                                                                      ",https://im.mashina.kg/tachka/images//d/2/0/d209b749619c1b7da0c1ec153120721b_240x180.jpg,        скутер                    
"
        Yamaha R
              ","
$ 5 400
                                                             
                                                                                   474 768 сом
                                                                      ",https://im.mashina.kg/tachka/images//a/c/4/ac4487e90282599257c9aca5146a888a_240x180.jpg,        мотоцикл                    
"
        Honda CBR 1000
              ","
$ 6 900
                                                             
                                                                                   606 648 сом
                                                                      ",https://im.mashina.kg/tachka/images//5/f/2/5f214d5b9a16f106542fedbd24180ef8_240x180.jpg,        мотоцикл                    
"
        Yamaha R
              ","
$ 3 700
                                                             
                                                                                   325 304 сом
                                                                      ",https://im.mashina.kg/tachka/images//4/f/5/4f55165f18bb13fba49167cf36063aeb_240x180.jpg,        мотоцикл                    
"
        Yamaha WR
              ","
$ 8 500
                                                             
                                                                                   747 320 сом
                                                                      ",https://im.mashina.kg/tachka/images//1/3/e/13e436a77d0e99682648eee1fd643c72_240x180.jpg,        мотоцикл                    
"
        Kawasaki Z 900
              ","
$ 10 500
                                                             
                                                                                   923 160 сом
                                                                      ",https://im.mashina.kg/tachka/images//7/9/0/79049f2ae9a4ee3dcc87cb59eb8693a6_240x180.jpg,        мотоцикл                    
"
        CFMoto CF800-U2 (Tracker 800)
              ","
$ 25 000
                                                             
                                                                                   2 198 500 сом
                                                                      ",https://im.mashina.kg/tachka/images//0/d/4/0d44e3b54e5228d12f675e43002f9c5e_240x180.jpg,        мотовездеход                    
"
        Yamaha YZF-R3
              ","
$ 3 300
                                                             
                                                                                   290 136 сом
                                                                      ",https://im.mashina.kg/tachka/images//5/1/6/516ba939ac18d62fa787bfa002c7b12b_240x180.jpg,        мотоцикл                    
"
        BRP Outlander 1000
              ","
$ 15 000
                                                             
                                                                                   1 318 800 сом
                                                                      ",https://im.mashina.kg/tachka/images//8/2/8/82896bec9425619fa863e6fa7c7b0458_240x180.jpg,        мотовездеход                    
"
        Китай (NoName) Электроскутер
              ","
$ 800
                                                             
                                                                                   70 336 сом
                                                                      ",https://im.mashina.kg/tachka/images//2/7/9/279596a0efea6b2ddf1f34b03de6a58e_240x180.jpg,        скутер                    
"
        Kawasaki ZX
              ","
$ 12 500
                                                             
                                                                                   1 099 000 сом
                                                                      ",https://im.mashina.kg/tachka/images//a/d/6/ad6aa48c9c35373ef4653af0fa1a39e6_240x180.jpg,        мотоцикл                    
"
        Yamaha FZR 1000
              ","
$ 8 300
                                                             
                                                                                   729 736 сом
                                                                      ",https://im.mashina.kg/tachka/images//1/6/c/16cee39a5855ffb3ca7f44bf4bc432eb_240x180.jpg,        мотоцикл                    
"
        Kawasaki ZX
              ","
$ 4 900
                                                             
                                                                                   430 808 сом
                                                                      ",https://im.mashina.kg/tachka/images//b/5/c/b5cf0bdc60325690f5e5b97c3fd5d57e_240x180.jpg,        мотоцикл                    
"
        Suzuki GSX 750
              ","
$ 1 763
                                                             
                                                                                   155 000 сом
                                                                      ",https://im.mashina.kg/tachka/images//1/1/8/11895c40b24662f8cf4272597b16bccb_240x180.jpg,        мотоцикл                    
"
        Honda VT 1300
              ","
$ 10 000
                                                             
                                                                                   879 200 сом
                                                                      ",https://im.mashina.kg/tachka/images//3/5/2/35257bf625144c1385b360a4a6c34855_240x180.jpg,        мотоцикл                    
"
        Honda CBF
              ","
$ 3 300
                                                             
                                                                                   290 136 сом
                                                                      ",https://im.mashina.kg/tachka/images//b/5/9/b5926ec15ff8cd6d20c08890934ac1d6_240x180.jpg,        мотоцикл                    
"
        Yamaha Mio
              ","
$ 626
                                                             
                                                                                   55 000 сом
                                                                      ",https://im.mashina.kg/tachka/images//c/6/6/c66b844cca8cf6131700bb2122c50f22_240x180.jpg,        скутер                    
"
        Suzuki DR 200 SE
              ","
$ 1 024
                                                             
                                                                                   90 000 сом
                                                                      ",https://im.mashina.kg/tachka/images//8/5/d/85daf9e18105afd27a93e3ba31591db5_240x180.jpg,        мотоцикл                    
"
        Yamaha TownMate T90D
              ","
$ 682
                                                             
                                                                                   60 000 сом
                                                                      ",,        скутер                    
"
        KAYO T6
              ","
$ 1 990
                                                             
                                                                                   175 000 сом
                                                                      ",https://im.mashina.kg/tachka/images//3/d/c/3dcb5b6472ae058260777c013164379a_240x180.jpg,        мотоцикл                    
"
        Китай (NoName) Скутеры
              ","
$ 626
                                                             
                                                                                   55 000 сом
                                                                      ",https://im.mashina.kg/tachka/images//9/f/8/9f87266d98dcdcd95a8a94c1fe52dfe9_240x180.jpg,        скутер                    
"
        Honda VTX
              ","
$ 9 999
                                                             
                                                                                   879 112 сом
                                                                      ",https://im.mashina.kg/tachka/images//a/3/8/a38d04b7dd51c54722192fa38e2369cd_240x180.jpg,        мотоцикл                    
"
        Suzuki GSX-S 1000
              ","
$ 7 300
                                                             
                                                                                   641 816 сом
                                                                      ",https://im.mashina.kg/tachka/images//c/2/b/c2b522cf7a921759da1759c68c62ef3a_240x180.jpg,        мотоцикл                    
"
        Aprilia Aprilia Mana 850
              ","
$ 1 024
                                                             
                                                                                   90 000 сом
                                                                      ",https://im.mashina.kg/tachka/images//a/0/7/a0773ef43d15c8b9a808f8d8ed109f93_240x180.jpg,        мотоцикл                    
"
        Yamaha RD 200
              ","
$ 1 137
                                                             
                                                                                   100 000 сом
                                                                      ",https://im.mashina.kg/tachka/images//5/c/2/5c281581493b8bb0a00d4cb566d9f43c_240x180.jpg,        мотоцикл                    
"
        Kawasaki Z 800
              ","
$ 9 000
                                                             
                                                                                   791 280 сом
                                                                      ",https://im.mashina.kg/tachka/images//a/5/d/a5d80e7888fe59327e79bfe971d4581b_240x180.jpg,        мотоцикл                    
"
        Kawasaki ZZR 600
              ","
$ 1 820
                                                             
                                                                                   160 000 сом
                                                                      ",https://im.mashina.kg/tachka/images//3/e/f/3ef3fa7d1e3421f15aa07bc16f34c32e_240x180.jpg,        мотоцикл                    
"
        Honda Today
              ","
$ 614
                                                             
                                                                                   54 000 сом
                                                                      ",https://im.mashina.kg/tachka/images//a/9/b/a9bc9aa0429c7018724d2fe0aa9f0750_240x180.jpg,        скутер                    
"
        Suzuki Lets
              ","
$ 569
                                                             
                                                                                   50 000 сом
                                                                      ",https://im.mashina.kg/tachka/images//7/b/7/7b7198b94ef104351a864d4c012248dd_240x180.jpg,        скутер                    
"
        Suzuki RM
              ","
$ 4 500
                                                             
                                                                                   395 730 сом
                                                                      ",https://im.mashina.kg/tachka/images//b/4/d/b4dac92f76a5badc42010bca793fd1ff_240x180.jpg,        мотоцикл                    
"
        Китай (NoName) Электроскутер
              ","
$ 800
                                                             
                                                                                   70 336 сом
                                                                      ",https://im.mashina.kg/tachka/images//9/4/f/94f6cf59d0dea5121bcdf021ee635dd6_240x180.jpg,        скутер                    
"
        Китай (NoName) Электроскутер
              ","
$ 432
                                                             
                                                                                   38 000 сом
                                                                      ",https://im.mashina.kg/tachka/images//9/1/b/91bdb8b80b2a3421744d40c63052a9c2_240x180.jpg,        скутер                    
"
        Yamaha Jog
              ","
$ 682
                                                             
                                                                                   60 000 сом
                                                                      ",https://im.mashina.kg/tachka/images//3/5/c/35cddc85bb03ad002b0bde223a7c9339_240x180.jpg,        скутер                    
"
        Suzuki Address
              ","
$ 466
                                                             
                                                                                   41 000 сом
                                                                      ",,        скутер                    
"
        ABM Alpha
              ","
$ 1 023
                                                             
                                                                                   90 000 сом
                                                                      ",https://im.mashina.kg/tachka/images//0/0/5/005282f1867af03a1bf4f6ea9b327f99_240x180.jpg,        скутер                    
"
        ИЖ 49
              ","
$ 739
                                                             
                                                                                   65 000 сом
                                                                      ",https://im.mashina.kg/tachka/images//a/1/4/a14b8d096860d543b8b877dc6da17299_240x180.jpg,        скутер                    
"
        BMW F 650 CS
              ","
$ 4 500
                                                             
                                                                                   395 640 сом
                                                                      ",https://im.mashina.kg/tachka/images//d/2/f/d2facbe114469decbbe75e3617061fd0_240x180.jpg,        мотоцикл                    
"
        Yamaha YFM 700R
              ","
$ 7 400
                                                             
                                                                                   650 608 сом
                                                                      ",https://im.mashina.kg/tachka/images//3/7/3/373ed71b630264e89af591692760a639_240x180.jpg,        мотовездеход                    
"
        ИЖ Юпитер
              ","
$ 455
                                                             
                                                                                   40 000 сом
                                                                      ",https://im.mashina.kg/tachka/images//9/5/c/95c8220e819bdeb712d0a0059ba74df7_240x180.jpg,        мотоцикл                    
"
        Yamaha XVS 650
              ","
$ 4 500
                                                             
                                                                                   395 640 сом
                                                                      ",https://im.mashina.kg/tachka/images//9/f/1/9f182f10c0e7ca6852150d7c0194088d_240x180.jpg,        мотоцикл                    
"
        Yamaha Jog
              ","
$ 375
                                                             
                                                                                   33 000 сом
                                                                      ",https://im.mashina.kg/tachka/images//a/6/5/a653e4cd95c37877c662bd1e7ee862f7_240x180.jpg,        скутер                    
"
        Suzuki FXR150
              ","
$ 967
                                                             
                                                                                   85 000 сом
                                                                      ",https://im.mashina.kg/tachka/images//2/e/9/2e90fc39f98272697f9409adc8708637_240x180.jpg,        мотоцикл                    
"
        HiSUN Ranger
              ","
$ 31 847
                                                             
                                                                                   2 800 000 сом
                                                                      ",https://im.mashina.kg/tachka/images//5/5/3/55333f51312745c4f7bf7287435a875f_240x180.jpg,        мотовездеход                    
"
        Yamaha Try
              ","
$ 682
                                                             
                                                                                   60 000 сом
                                                                      ",https://im.mashina.kg/tachka/images//e/7/7/e77feb57f8d5ec6434d244f9a2372a5a_240x180.jpg,        скутер                    
"
        Урал M 67
              ","
$ 341
                                                             
                                                                                   30 000 сом
                                                                      ",https://im.mashina.kg/tachka/images//4/9/5/4952961d70c354bb649ff59da4595724_240x180.jpg,        мотоцикл                    
"
        Racer Sagita
              ","
$ 660
                                                             
                                                                                   58 000 сом
                                                                      ",https://im.mashina.kg/tachka/images//6/1/a/61ac2c2ad0a1a1c0b6ff66a1ccdca6c1_240x180.jpg,        скутер                    
"
        CFMoto Jet Max (CF250T-6A)
              ","
$ 2 500
                                                             
                                                                                   219 850 сом
                                                                      ",https://im.mashina.kg/tachka/images//6/7/a/67af41cd9a2012f62cbbb04f18fd42be_240x180.jpg,        скутер                    
"
        Suzuki GSX-R 600
              ","
$ 6 500
                                                             
                                                                                   571 480 сом
                                                                      ",https://im.mashina.kg/tachka/images//e/d/c/edcf31eef5d376897d58d4c4688cfe5b_240x180.jpg,        мотоцикл                    
"
        Honda CBR 600
              ","
$ 3 185
                                                             
                                                                                   280 000 сом
                                                                      ",https://im.mashina.kg/tachka/images//4/c/2/4c22952e5adcce9978ad66185ac256b4_240x180.jpg,        мотоцикл                    
"
        Yamaha YZF 600 S Thundercat
              ","
$ 4 300
                                                             
                                                                                   378 056 сом
                                                                      ",https://im.mashina.kg/tachka/images//c/7/5/c759fca2cac09a0f37473e0f62bcdde7_240x180.jpg,        мотоцикл                    
"
        Kawasaki ZZR
              ","
$ 2 047
                                                             
                                                                                   180 000 сом
                                                                      ",https://im.mashina.kg/tachka/images//1/6/7/16768d0f8631e1b45e89ec23c7c8693c_240x180.jpg,        мотоцикл                    
"
        Kawasaki 250
              ","
$ 1 706
                                                             
                                                                                   150 000 сом
                                                                      ",https://im.mashina.kg/tachka/images//1/b/6/1b6222ec4fcbd7f1b9d67455fb54f187_240x180.jpg,        мотоцикл                    
"
        Honda Pilot
              ","
$ 2 000
                                                             
                                                                                   175 840 сом
                                                                      ",,        багги                    
"
        Элит Комфорт
              ","
$ 682
                                                             
                                                                                   60 000 сом
                                                                      ",https://im.mashina.kg/tachka/images//f/f/9/ff94da58386b15286a02ad9b8d6e9c5a_240x180.jpg,        скутер                    
"
        KAYO T2
              ","
$ 1 934
                                                             
                                                                                   170 000 сом
                                                                      ",https://im.mashina.kg/tachka/images//a/c/a/acaa4ac0a9958b9258e740dcb711cee0_240x180.jpg,        мотоцикл                    
"
        Avantis Hunter
              ","
$ 899
                                                             
                                                                                   79 000 сом
                                                                      ",https://im.mashina.kg/tachka/images//d/e/8/de8f04d93a10ebac37c054a5ea5599ef_240x180.jpg,        мотовездеход                    
"
        Yamaha YZF-R1
              ","
$ 4 600
                                                             
                                                                                   404 432 сом
                                                                      ",https://im.mashina.kg/tachka/images//9/1/3/913c3229187e441e2f55087fcdd9ceee_240x180.jpg,        мотоцикл                    
"
        Yamaha Viking
              ","
$ 10 000
                                                             
                                                                                   879 200 сом
                                                                      ",https://im.mashina.kg/tachka/images//1/9/b/19b710ba2a5a887fbe2e2a832dbce546_240x180.jpg,        снегоход                      
"
        Suzuki GSX 750
              ","
$ 2 730
                                                             
                                                                                   240 000 сом
                                                                      ",https://im.mashina.kg/tachka/images//d/3/0/d309a5c9c3284eb733a62a80dd834462_240x180.jpg,        мотоцикл                    
"
        Honda CBR 929
              ","
$ 4 208
                                                             
                                                                                   370 000 сом
                                                                      ",https://im.mashina.kg/tachka/images//5/1/c/51c72b2fcf0cddcd63674dbf29673667_240x180.jpg,        мотоцикл                    
"
        Honda CBR 600
              ","
$ 4 100
                                                             
                                                                                   360 472 сом
                                                                      ",https://im.mashina.kg/tachka/images//7/3/5/735b400d0c1f19b5883b608ee9712700_240x180.jpg,        мотоцикл                    
